"","GEOID","tract","index"
"1",53001950100,9501,15.554489810295
"2",53001950200,9502,39.2121109343178
"3",53001950301,9503.01,45.290114282241
"4",53001950302,9503.02,47.4852772156158
"5",53001950303,9503.03,46.3463355122652
"6",53001950400,9504,33.454976016413
"7",53001950500,9505,3.54047715810201
"8",53003960100,9601,-23.9849933887438
"9",53003960200,9602,-31.5150109856913
"10",53003960300,9603,6.9038120546527
"11",53003960400,9604,16.8262305069059
"12",53003960500,9605,-4.48159212609128
"13",53003960600,9606,-11.8052299983638
"14",53019940000,9400,31.324813278428
"15",53019970100,9701,-8.42886747561275
"16",53019970200,9702,-2.66605788531496
"17",53023970300,9703,17.2550527747559
"18",53043960100,9601,35.6772775687607
"19",53043960200,9602,-0.527910552670069
"20",53043960300,9603,6.30536860904955
"21",53043960400,9604,-6.97804636575395
"22",53051970100,9701,20.0118360247584
"23",53051970200,9702,6.49242198888826
"24",53051970300,9703,-7.07433608787533
"25",53051970400,9704,6.44098413624717
"26",53051970500,9705,8.24621837435112
"27",53063000201,2.01,14.6145757837657
"28",53063000202,2.02,44.7471105033337
"29",53063000301,3.01,20.4397328837559
"30",53063000302,3.02,21.1070186294543
"31",53063000400,4,-3.34216282013206
"32",53063000500,5,5.03779882078937
"33",53063000600,6,17.3173240703164
"34",53063000700,7,-27.8469755167832
"35",53063000800,8,-30.9052191884474
"36",53063000900,9,-45.5604918387171
"37",53063001000,10,-35.0154706323427
"38",53063001100,11,6.14886360830554
"39",53063001200,12,25.9482300636887
"40",53063001300,13,2.55893619292469
"41",53063001400,14,-20.9340125343304
"42",53063001500,15,-48.0573647459137
"43",53063001600,16,12.4551266606281
"44",53063001800,18,2.54195121431044
"45",53063001900,19,1.23165949776505
"46",53063002000,20,-4.50604296653781
"47",53063002100,21,23.9529606908748
"48",53063002300,23,-33.6026779925907
"49",53063002400,24,13.5205348848192
"50",53063002501,25.01,21.2901438287766
"51",53063002502,25.02,22.754660596147
"52",53063002503,25.03,57.70200789324
"53",53063002600,26,-17.0905431983545
"54",53063002900,29,12.9063832363503
"55",53063003000,30,27.4738544294352
"56",53063003100,31,-22.1995870852969
"57",53063003200,32,-1.46225601559256
"58",53063003500,35,-19.2956486331134
"59",53063003601,36.01,22.0157460951258
"60",53063003602,36.02,1.13759598764089
"61",53063003800,38,33.5102109224909
"62",53063003900,39,15.0671547340121
"63",53063004001,40.01,18.0339311286274
"64",53063004002,40.02,21.0987009969955
"65",53063004100,41,21.0168777771131
"66",53063004200,42,-17.1771367741852
"67",53063004300,43,-2.60251795159147
"68",53063004400,44,-28.5116425133494
"69",53063004500,45,3.58266399197858
"70",53063004601,46.01,-43.1926726169918
"71",53063004602,46.02,12.4279267134936
"72",53063004701,47.01,18.8212525179676
"73",53063004702,47.02,-8.5280900129402
"74",53063004800,48,-26.1231496779511
"75",53063004900,49,-41.2370405863279
"76",53063005000,50,-27.7895087184138
"77",53063010101,101.01,-5.69663995728544
"78",53063010102,101.02,14.9375854156626
"79",53063010201,102.01,-24.1229427135983
"80",53063010203,102.03,4.22238565705312
"81",53063010204,102.04,13.0336546703242
"82",53063010301,103.01,-31.9947652131584
"83",53063010303,103.03,8.60204944967155
"84",53063010304,103.04,-47.3577945521549
"85",53063010305,103.05,-55.9636265676161
"86",53063010401,104.01,-10.284279832108
"87",53063010403,104.03,9.27887782000306
"88",53063010404,104.04,0.0978670941317343
"89",53063010504,105.04,10.0521173239959
"90",53063010505,105.05,11.2877526750072
"91",53063010506,105.06,-40.175649923727
"92",53063010507,105.07,-6.84264009151574
"93",53063010508,105.08,8.17213733549582
"94",53063010601,106.01,5.52337969887923
"95",53063010603,106.03,-12.5289443382341
"96",53063010604,106.04,10.0847119100792
"97",53063010701,107.01,10.3474136105653
"98",53063010702,107.02,22.6111704684475
"99",53063010800,108,23.055165872639
"100",53063010901,109.01,31.227785934033
"101",53063010902,109.02,39.9615245682487
"102",53063011000,110,3.53489373743045
"103",53063011102,111.02,-1.43398485689424
"104",53063011103,111.03,-12.3623586554695
"105",53063011104,111.04,10.8748198621003
"106",53063011202,112.02,-6.22142719233226
"107",53063011203,112.03,-54.9660842150995
"108",53063011204,112.04,25.9272368213165
"109",53063011301,113.01,-1.69872478006533
"110",53063011302,113.02,-9.69191449566818
"111",53063011400,114,-28.9430394142617
"112",53063011500,115,43.4548073029376
"113",53063011600,116,38.2743807592215
"114",53063011701,117.01,18.0492777991825
"115",53063011702,117.02,-73.6280196390535
"116",53063011800,118,-69.6421261135142
"117",53063011900,119,-22.8764050061546
"118",53063012000,120,-16.2326394916125
"119",53063012100,121,18.6108113996058
"120",53063012200,122,23.023696030672
"121",53063012300,123,-50.7283686251037
"122",53063012401,124.01,-42.4923313331668
"123",53063012402,124.02,-38.5258976127428
"124",53063012500,125,7.97495116590227
"125",53063012600,126,-7.9652641404374
"126",53063012701,127.01,-20.7508420443426
"127",53063012702,127.02,29.1443685953432
"128",53063012801,128.01,0.0843720835670457
"129",53063012802,128.02,3.4065018263223
"130",53063012901,129.01,5.28902025568686
"131",53063012902,129.02,-60.5151785962552
"132",53063013001,130.01,56.4522048972395
"133",53063013002,130.02,12.7960144647155
"134",53063013003,130.03,-31.8125018844583
"135",53063013101,131.01,-84.6845565893668
"136",53063013102,131.02,-26.9747092476578
"137",53063013201,132.01,-56.7855844167625
"138",53063013203,132.03,22.5908472107437
"139",53063013204,132.04,-3.38272642444483
"140",53063013205,132.05,17.7693073774029
"141",53063013300,133,7.40111934802191
"142",53063013401,134.01,-18.9848990453201
"143",53063013501,135.01,39.0034077365149
"144",53063013502,135.02,28.2931370648249
"145",53063013503,135.03,-25.597107814278
"146",53063013600,136,-20.0934818069678
"147",53063013700,137,7.02561143258489
"148",53063013800,138,37.3520620100743
"149",53063013900,139,-25.043236680717
"150",53063014001,140.01,-9.13252083276236
"151",53063014002,140.02,-35.3634168219121
"152",53063014100,141,-44.0355941155041
"153",53063014200,142,-4.05458300183426
"154",53063014300,143,12.4648722826645
"155",53063014400,144,-5.73531922580828
"156",53063014500,145,29.2471195213534
"157",53065941000,9410,22.8675054231341
"158",53065950101,9501.01,-37.5820197948702
"159",53065950102,9501.02,-4.16261090137718
"160",53065950200,9502,-13.7297271999479
"161",53065950300,9503,14.7291792323741
"162",53065950500,9505,10.1884890864463
"163",53065950600,9506,17.4051512635003
"164",53065950700,9507,12.7656330561297
"165",53065950800,9508,-5.01430249908869
"166",53065950900,9509,26.7410289342267
"167",53065951100,9511,-17.7820966853042
"168",53065951301,9513.01,20.3235570715901
"169",53065951302,9513.02,37.6297132246695
"170",53065951401,9514.01,-6.41435401047048
"171",53065951402,9514.02,-3.84546799132764
"172",53075000100,1,19.230803818758
"173",53075000201,2.01,2.24981154423688
"174",53075000202,2.02,37.8657529553578
"175",53075000300,3,-29.7948359299462
"176",53075000400,4,-24.2131733673344
"177",53075000500,5,47.8200956152855
"178",53075000601,6.01,1.25535805553255
"179",53075000602,6.02,-5.40067040901398
"180",53075000700,7,-6.99359117674852
"181",53075000800,8,-8.32616417297291
"182",53075000900,9,-11.8988075493072
"183",53075001000,10,24.4809755120146
