tract,county,GEOID,has_computer,with_internet,work_from_home,broadband,median_income,median_age,total_population,number_providers,mean_lowest_cost,mean_d_mbps,mean_u_mbps,mean_lat_ms
9601.0," Asotin County",53003960100,1664.0,1569.0,145.0,1561.0,73942.0,50.1,4320.0,12.0,58.0,110.327408906883,41.7821012145749,0.0517044534412955
9602.0," Asotin County",53003960200,1872.0,1780.0,421.0,1753.0,72988.0,53.9,4755.0,13.0,60.0769230769231,145.784802768166,22.8873079584775,0.0246262975778547
9603.0," Asotin County",53003960300,1279.0,1156.0,6.0,1156.0,38077.0,34.5,3633.0,11.0,60.0,173.40786407767,27.0620194174757,0.0299805825242718
9604.0," Asotin County",53003960400,941.0,805.0,29.0,732.0,38777.0,38.9,2517.0,8.0,62.5,127.600456896552,23.5382931034483,0.0221637931034483
9605.0," Asotin County",53003960500,1345.0,1198.0,26.0,1192.0,42639.0,36.8,3517.0,8.0,62.5,192.429947826087,21.685652173913,0.0216608695652174
9606.0," Asotin County",53003960600,1542.0,1392.0,115.0,1378.0,53947.0,48.1,3894.0,9.0,58.8888888888889,151.055206185567,23.5212319587629,0.0261855670103093
2.01," Spokane County",53063000201,1179.0,1179.0,0.0,1179.0,36981.0,37.2,2774.0,7.0,62.7142857142857,268.822450704225,22.4661971830986,0.0144366197183099
2.02," Spokane County",53063000202,570.0,515.0,15.0,515.0,40476.0,29.2,1383.0,8.0,61.125,304.695,73.5263235294118,0.0101764705882353
3.01," Spokane County",53063000301,1026.0,975.0,130.0,975.0,35778.0,35.4,2564.0,8.0,61.125,267.851379310345,23.1526724137931,0.0142241379310345
3.02," Spokane County",53063000302,946.0,878.0,12.0,878.0,41271.0,31.7,2760.0,8.0,61.125,287.044822222222,48.7061851851852,0.0126740740740741
4.0," Spokane County",53063000400,1488.0,1451.0,173.0,1451.0,43889.0,34.2,3853.0,9.0,57.6666666666667,260.232245535714,44.6226741071429,0.0123035714285714
5.0," Spokane County",53063000500,1368.0,1344.0,70.0,1344.0,53932.0,37.3,3522.0,9.0,57.6666666666667,246.0845875,57.6012125,0.0118875
6.0," Spokane County",53063000600,1267.0,1224.0,100.0,1224.0,65545.0,31.5,3246.0,8.0,61.125,274.087779661017,32.761656779661,0.0157076271186441
7.0," Spokane County",53063000700,2134.0,1974.0,79.0,1974.0,53867.0,33.7,5244.0,8.0,61.125,320.686944223108,62.2503147410359,0.0135258964143426
8.0," Spokane County",53063000800,1837.0,1770.0,205.0,1761.0,73271.0,44.6,5281.0,8.0,61.125,259.059032397408,70.1117796976242,0.0180453563714903
9.0," Spokane County",53063000900,2177.0,2071.0,299.0,2060.0,63149.0,38.8,6172.0,8.0,61.125,278.534296195652,68.795027173913,0.0156929347826087
10.0," Spokane County",53063001000,2127.0,2014.0,50.0,2014.0,61536.0,42.3,5518.0,8.0,61.125,264.380339901478,70.466618226601,0.0127832512315271
11.0," Spokane County",53063001100,1311.0,1349.0,161.0,1349.0,68102.0,34.7,3444.0,8.0,61.125,280.185668789809,67.477127388535,0.0130891719745223
12.0," Spokane County",53063001200,933.0,906.0,162.0,906.0,49828.0,33.1,2476.0,8.0,61.125,240.838968944099,41.9755279503106,0.0128695652173913
13.0," Spokane County",53063001300,1420.0,1361.0,96.0,1361.0,46209.0,36.6,3424.0,9.0,57.6666666666667,268.635861538462,28.0627923076923,0.0125538461538462
14.0," Spokane County",53063001400,2321.0,2226.0,87.0,2215.0,40786.0,31.4,6202.0,9.0,57.6666666666667,294.357275303644,73.0917004048583,0.0115668016194332
15.0," Spokane County",53063001500,2096.0,1928.0,128.0,1928.0,49783.0,36.6,5777.0,8.0,61.125,262.531079365079,98.8584338624339,0.0124867724867725
16.0," Spokane County",53063001600,1175.0,1105.0,49.0,1105.0,36096.0,31.8,3344.0,8.0,61.125,289.637380952381,87.2321142857143,0.0129238095238095
18.0," Spokane County",53063001800,1087.0,1018.0,123.0,1013.0,41358.0,42.1,2903.0,8.0,61.125,250.66475,65.7410642857143,0.0122714285714286
19.0," Spokane County",53063001900,1379.0,1321.0,152.0,1316.0,49425.0,33.5,3652.0,8.0,61.125,245.447686567164,64.7450373134328,0.0184477611940299
20.0," Spokane County",53063002000,1600.0,1515.0,73.0,1497.0,33374.0,34.8,4072.0,8.0,61.125,264.667534351145,90.5602213740458,0.0114045801526718
21.0," Spokane County",53063002100,1081.0,1061.0,105.0,1032.0,63531.0,32.6,2606.0,8.0,61.125,256.564538071066,72.8823705583756,0.0111827411167513
23.0," Spokane County",53063002300,1913.0,1852.0,161.0,1852.0,48367.0,43.8,4824.0,8.0,61.125,260.977993311037,61.5538093645485,0.0120903010033445
24.0," Spokane County",53063002400,984.0,915.0,163.0,915.0,26975.0,34.9,2977.0,8.0,61.125,200.958527950311,48.7642670807453,0.0167391304347826
25.01," Spokane County",53063002501,1096.0,1049.0,105.0,1049.0,44527.0,22.6,3268.0,8.0,61.125,274.263518072289,90.2264819277109,0.019289156626506
25.02," Spokane County",53063002502,828.0,727.0,16.0,727.0,49167.0,28.7,2592.0,8.0,61.125,237.629916666667,76.3932291666667,0.0139583333333333
25.03," Spokane County",53063002503,186.0,168.0,84.0,168.0,-666666666.0,19.7,3205.0,8.0,61.125,254.434033333333,40.7227,0.0117833333333333
26.0," Spokane County",53063002600,2024.0,1960.0,43.0,1960.0,37711.0,34.6,4857.0,8.0,61.125,200.293990654206,18.6947196261682,0.0143271028037383
29.0," Spokane County",53063002900,1177.0,1167.0,100.0,1167.0,63977.0,34.9,3246.0,8.0,61.125,297.147971014493,27.6603594202899,0.013831884057971
30.0," Spokane County",53063003000,853.0,778.0,72.0,767.0,43219.0,30.5,2557.0,9.0,60.7777777777778,311.439276190476,25.3243952380952,0.0129809523809524
31.0," Spokane County",53063003100,2066.0,2042.0,100.0,2028.0,52803.0,34.6,5004.0,8.0,61.125,299.081198275862,69.8927155172414,0.0125747126436782
32.0," Spokane County",53063003200,1416.0,1349.0,142.0,1322.0,43668.0,43.2,2865.0,9.0,58.7777777777778,246.388242105263,34.2112578947368,0.0128947368421053
35.0," Spokane County",53063003500,1462.0,1332.0,19.0,1318.0,14280.0,50.7,2671.0,10.0,55.9,204.076460784314,38.8275833333333,0.0123676470588235
36.01," Spokane County",53063003601,1138.0,1093.0,9.0,1093.0,28578.0,27.0,2267.0,8.0,61.125,267.650204188482,35.1261465968586,0.0121727748691099
36.02," Spokane County",53063003602,1533.0,1491.0,128.0,1491.0,27073.0,32.6,2337.0,8.0,61.125,236.669827586207,25.1263793103448,0.0134568965517241
38.0," Spokane County",53063003800,854.0,806.0,38.0,806.0,51159.0,36.0,1745.0,8.0,61.125,232.840551401869,14.3519439252336,0.0128598130841121
39.0," Spokane County",53063003900,951.0,841.0,81.0,829.0,48250.0,53.3,2153.0,8.0,61.125,295.456692090396,26.0906214689266,0.0131186440677966
40.01," Spokane County",53063004001,1312.0,1289.0,200.0,1289.0,52575.0,29.8,2794.0,8.0,61.125,238.755933333333,69.9535407407407,0.0132888888888889
40.02," Spokane County",53063004002,1257.0,1250.0,64.0,1250.0,38045.0,31.3,2301.0,8.0,61.125,233.663199376947,63.7494205607477,0.0134641744548287
41.0," Spokane County",53063004100,1030.0,965.0,158.0,965.0,65217.0,44.8,2221.0,8.0,61.125,250.027679611651,28.2376165048544,0.0137961165048544
42.0," Spokane County",53063004200,1865.0,1820.0,323.0,1820.0,96071.0,43.2,4726.0,8.0,61.125,310.873706199461,67.1584474393531,0.0119487870619946
43.0," Spokane County",53063004300,1423.0,1385.0,147.0,1375.0,89917.0,48.0,3441.0,8.0,61.125,269.860329004329,30.7569350649351,0.0128744588744589
44.0," Spokane County",53063004400,2038.0,1846.0,137.0,1846.0,57904.0,39.4,4790.0,8.0,61.125,311.408134453782,37.7587927170868,0.0118011204481793
45.0," Spokane County",53063004500,1486.0,1423.0,202.0,1423.0,91250.0,44.6,3605.0,9.0,58.7777777777778,294.59177,69.2099125,0.01304
46.01," Spokane County",53063004601,1744.0,1629.0,83.0,1622.0,42979.0,52.6,3876.0,8.0,61.125,246.701181538462,22.6198215384615,0.0145384615384615
46.02," Spokane County",53063004602,1156.0,1091.0,264.0,1080.0,85643.0,35.6,3145.0,8.0,61.125,226.044125,34.649375,0.0126375
47.01," Spokane County",53063004701,1077.0,1036.0,210.0,1036.0,79318.0,32.0,3375.0,7.0,54.1428571428571,261.612118110236,20.0726299212598,0.0144724409448819
47.02," Spokane County",53063004702,1566.0,1550.0,153.0,1550.0,66685.0,40.9,3745.0,9.0,61.0,257.599643037975,18.4666810126582,0.0126126582278481
48.0," Spokane County",53063004800,1981.0,1695.0,190.0,1683.0,51467.0,44.3,4083.0,8.0,54.875,271.535189655172,19.3884885057471,0.0130862068965517
49.0," Spokane County",53063004900,2255.0,2242.0,299.0,2229.0,93162.0,42.9,5708.0,9.0,61.0,275.031858527132,27.639507751938,0.012781007751938
50.0," Spokane County",53063005000,1782.0,1629.0,121.0,1629.0,59135.0,39.7,4395.0,8.0,61.125,237.042424302789,20.5530039840637,0.0197768924302789
101.01," Spokane County",53063010101,1334.0,1306.0,199.0,1306.0,55852.0,50.8,3618.0,9.0,61.0,109.389606299213,17.7399156355456,0.0357379077615298
101.02," Spokane County",53063010102,980.0,929.0,135.0,915.0,89401.0,50.7,2820.0,5.0,67.6,91.0664026845638,8.83357550335571,0.0392785234899329
102.01," Spokane County",53063010201,1723.0,1531.0,313.0,1531.0,70407.0,43.7,4332.0,8.0,61.125,55.0139133522727,6.83800710227273,0.0528082386363636
102.03," Spokane County",53063010203,1449.0,1395.0,292.0,1395.0,108194.0,42.5,4404.0,8.0,61.125,148.432377777778,11.8906777777778,0.0286259259259259
102.04," Spokane County",53063010204,939.0,937.0,143.0,917.0,79417.0,46.0,3134.0,8.0,61.125,36.8408192488263,8.92951643192488,0.0535
103.01," Spokane County",53063010301,1833.0,1683.0,123.0,1666.0,52959.0,35.6,4807.0,8.0,61.125,286.958032751092,22.8455021834061,0.0265065502183406
103.03," Spokane County",53063010303,1210.0,1192.0,179.0,1192.0,75635.0,45.8,3572.0,11.0,57.1818181818182,31.7220490998363,5.98401636661211,0.0686153846153846
103.04," Spokane County",53063010304,2074.0,1928.0,143.0,1900.0,54171.0,43.9,5700.0,10.0,59.9,46.8591424802111,7.36162137203166,0.117781002638522
103.05," Spokane County",53063010305,2604.0,2512.0,340.0,2512.0,100705.0,39.7,7606.0,9.0,61.0,139.121456692913,12.2178503937008,0.0674
104.01," Spokane County",53063010401,1636.0,1583.0,60.0,1583.0,55490.0,33.5,7675.0,10.0,58.9,258.711844884488,28.0375280528053,0.0221749174917492
104.03," Spokane County",53063010403,1148.0,1130.0,72.0,1130.0,83542.0,43.3,3351.0,9.0,62.1111111111111,63.881,8.55056368563686,0.0504336043360434
104.04," Spokane County",53063010404,1157.0,1048.0,174.0,1003.0,76063.0,51.3,2999.0,8.0,61.125,42.0673973880597,6.0406473880597,0.0500988805970149
105.04," Spokane County",53063010504,1307.0,1288.0,64.0,1281.0,76339.0,48.9,3367.0,7.0,62.7142857142857,235.789990950226,16.5440995475113,0.0250588235294118
105.05," Spokane County",53063010505,1241.0,1212.0,94.0,1212.0,88681.0,33.6,3680.0,8.0,61.125,238.498242524917,21.5205681063123,0.0175182724252492
105.06," Spokane County",53063010506,2264.0,2187.0,412.0,2173.0,70208.0,50.1,5294.0,8.591160220994475,58.634908862221856,256.119757746479,19.8465887323944,0.0173887323943662
105.07," Spokane County",53063010507,1590.0,1525.0,154.0,1525.0,82422.0,53.0,4060.0,8.0,61.125,282.853989304813,25.8690481283422,0.014879679144385
105.08," Spokane County",53063010508,1313.0,1253.0,430.0,1253.0,128227.0,40.1,4248.0,8.0,61.125,169.773487179487,25.8605846153846,0.042574358974359
106.01," Spokane County",53063010601,1291.0,1285.0,102.0,1285.0,74837.0,41.7,3959.0,8.0,61.125,212.634708222812,29.8372838196286,0.0182758620689655
106.03," Spokane County",53063010603,1884.0,1850.0,138.0,1850.0,84962.0,51.1,4275.0,8.0,61.125,232.294329545455,58.8188227272727,0.0171022727272727
106.04," Spokane County",53063010604,1273.0,1259.0,86.0,1259.0,102115.0,54.8,3465.0,8.0,61.125,265.259904220779,91.8594577922078,0.0163733766233766
107.01," Spokane County",53063010701,1447.0,1390.0,187.0,1390.0,89963.0,39.7,4036.0,8.0,61.125,265.0661,31.875219047619,0.0143404761904762
107.02," Spokane County",53063010702,1135.0,1124.0,146.0,1124.0,111625.0,34.2,3686.0,7.0,62.7142857142857,314.392377622378,81.241682983683,0.0153216783216783
108.0," Spokane County",53063010800,823.0,750.0,31.0,750.0,47083.0,35.3,2313.0,8.0,61.125,239.413307692308,41.1929053254438,0.012491124260355
109.01," Spokane County",53063010901,803.0,759.0,182.0,759.0,62660.0,41.8,2232.0,8.0,61.125,207.667455882353,21.8293823529412,0.0202647058823529
109.02," Spokane County",53063010902,685.0,685.0,140.0,685.0,78693.0,20.7,3385.0,8.0,61.125,281.142738461538,27.9972256410256,0.0146051282051282
110.0," Spokane County",53063011000,1388.0,1319.0,46.0,1311.0,61121.0,39.3,3461.0,8.0,61.125,281.218058823529,29.4893088235294,0.0204558823529412
111.02," Spokane County",53063011102,1627.0,1604.0,70.0,1604.0,50243.0,30.7,4403.0,8.0,61.125,212.395767346939,46.2240612244898,0.0163755102040816
111.03," Spokane County",53063011103,1422.0,1385.0,25.0,1347.0,25202.0,58.3,2844.0,8.0,61.125,224.060611650485,22.8064563106796,0.0153851132686084
111.04," Spokane County",53063011104,1164.0,1119.0,37.0,1079.0,33828.0,27.6,3255.0,8.0,61.125,239.40338961039,34.3257272727273,0.0163376623376623
112.02," Spokane County",53063011202,1527.0,1450.0,151.0,1450.0,60685.0,43.1,4039.0,8.0,61.125,93.4159551020408,10.6797632653061,0.0400061224489796
112.03," Spokane County",53063011203,2321.0,2125.0,102.0,2111.0,38458.0,31.7,5610.0,8.0,61.125,213.854445652174,37.447597826087,0.0160108695652174
112.04," Spokane County",53063011204,880.0,865.0,56.0,853.0,51417.0,38.5,2049.0,7.0,62.7142857142857,249.67563963964,42.1568873873874,0.0175720720720721
113.01," Spokane County",53063011301,1465.0,1465.0,48.0,1465.0,92749.0,46.8,3774.0,8.0,61.125,297.812130555556,20.2834222222222,0.015225
113.02," Spokane County",53063011302,1996.0,1899.0,80.0,1898.0,81210.0,32.4,5209.0,8.0,61.125,293.640988188976,28.5805374015748,0.0151023622047244
114.0," Spokane County",53063011400,1987.0,2006.0,260.0,2006.0,57411.0,44.6,5288.0,9.0,61.0,276.346718232044,20.6664696132597,0.0149944751381215
115.0," Spokane County",53063011500,603.0,585.0,166.0,585.0,77583.0,41.6,1641.0,7.0,54.1428571428571,229.140131687243,28.7768600823045,0.0130946502057613
116.0," Spokane County",53063011600,713.0,683.0,53.0,683.0,53875.0,39.7,1742.0,7.0,54.1428571428571,316.728035460993,24.7503687943262,0.014177304964539
117.01," Spokane County",53063011701,1004.0,943.0,44.0,943.0,55735.0,45.1,2249.0,7.0,54.1428571428571,332.027016949153,25.8374124293785,0.0127344632768362
117.02," Spokane County",53063011702,3083.0,2725.0,118.0,2725.0,37020.0,28.9,7531.0,7.0,54.1428571428571,273.870095092025,26.0411012269939,0.015920245398773
118.0," Spokane County",53063011800,2470.0,1983.0,182.0,1983.0,39885.0,37.1,5677.0,6.0,54.8333333333333,252.842942028986,19.287231884058,0.012731884057971
119.0," Spokane County",53063011900,1873.0,1801.0,454.0,1793.0,53038.0,33.4,5189.0,7.0,54.1428571428571,263.828249452954,23.8445623632385,0.0130437636761488
120.0," Spokane County",53063012000,1762.0,1697.0,40.0,1690.0,50679.0,39.5,3974.0,8.0,53.625,263.083823095823,16.7320417690418,0.0134643734643735
121.0," Spokane County",53063012100,1008.0,956.0,142.0,956.0,49646.0,38.0,2551.0,7.0,54.1428571428571,258.654218487395,20.1078907563025,0.0113949579831933
122.0," Spokane County",53063012200,846.0,772.0,53.0,767.0,53889.0,38.2,2303.0,8.0,61.125,189.040409340659,24.6042445054945,0.0182554945054945
123.0," Spokane County",53063012300,2246.0,2147.0,78.0,2041.0,51847.0,33.5,6150.0,8.0,54.625,238.473749430524,29.61730523918,0.0155170842824601
124.01," Spokane County",53063012401,1825.0,1774.0,207.0,1774.0,92024.0,47.7,5856.0,7.0,54.1428571428571,233.596218274112,31.2918121827411,0.0192791878172589
124.02," Spokane County",53063012402,2394.0,2302.0,252.0,2302.0,107585.0,42.9,6501.0,7.0,55.5714285714286,251.641652519894,19.9231034482759,0.0216419098143236
125.0," Spokane County",53063012500,1221.0,1229.0,31.0,1229.0,55873.0,37.3,3729.0,7.0,54.1428571428571,254.138337962963,16.7505324074074,0.0131527777777778
126.0," Spokane County",53063012600,1644.0,1471.0,199.0,1471.0,59395.0,32.7,4153.0,7.0,54.1428571428571,302.267728301887,27.1485509433962,0.013422641509434
127.01," Spokane County",53063012701,1561.0,1491.0,44.0,1484.0,48841.0,43.5,3735.0,6.0,54.8333333333333,261.545273148148,25.171712962963,0.0142037037037037
127.02," Spokane County",53063012702,857.0,826.0,150.0,826.0,72740.0,32.4,2912.0,6.0,54.8333333333333,254.85187283237,26.8958265895954,0.0135375722543353
128.01," Spokane County",53063012801,1591.0,1525.0,54.0,1525.0,55551.0,35.7,4322.0,6.0,54.8333333333333,275.763164874552,28.3459139784946,0.0145555555555556
128.02," Spokane County",53063012802,1315.0,1293.0,142.0,1293.0,66430.0,41.8,3675.0,6.0,54.8333333333333,317.442212669683,26.3362760180995,0.0128235294117647
129.01," Spokane County",53063012901,1061.0,955.0,169.0,955.0,57846.0,40.7,3095.0,6.0,54.8333333333333,272.58757615894,19.3254072847682,0.0142019867549669
129.02," Spokane County",53063012902,2500.0,2257.0,176.0,2243.0,69663.0,37.0,7631.0,6.0,54.8333333333333,265.873103225806,16.7085784946237,0.0150279569892473
130.01," Spokane County",53063013001,400.0,400.0,122.0,400.0,116818.0,45.7,1106.0,6.0,54.8333333333333,197.123827586207,14.7431724137931,0.0144137931034483
130.02," Spokane County",53063013002,1230.0,1137.0,18.0,1137.0,50394.0,33.1,2809.0,6.0,54.8333333333333,280.073662162162,32.1770135135135,0.0148873873873874
130.03," Spokane County",53063013003,2178.0,2125.0,311.0,2125.0,86474.0,39.3,6322.0,7.0,55.5714285714286,236.760987586207,43.0145724137931,0.01564
131.01," Spokane County",53063013101,3365.0,2927.0,348.0,2927.0,56166.0,40.3,6852.0,6.0,64.8333333333333,270.776810249307,21.8779501385042,0.0122548476454294
131.02," Spokane County",53063013102,1981.0,1961.0,235.0,1942.0,83320.0,43.6,5135.0,4.0,57.0,244.876539145907,31.3096174377224,0.0151903914590747
132.01," Spokane County",53063013201,2637.0,2500.0,172.0,2482.0,64830.0,43.0,7391.0,7.0,62.7142857142857,285.096071428571,33.778875,0.0241547619047619
132.03," Spokane County",53063013203,1049.0,1026.0,134.0,1026.0,84509.0,42.2,2673.0,7.0,62.7142857142857,258.515573696145,46.1320340136054,0.0144353741496599
132.04," Spokane County",53063013204,1550.0,1499.0,518.0,1499.0,101742.0,36.3,4813.0,8.591160220994475,58.634908862221856,216.244224576271,22.8374300847458,0.0210847457627119
132.05," Spokane County",53063013205,1211.0,1141.0,239.0,1141.0,131750.0,34.3,3611.0,4.0,57.0,242.700719827586,28.3514590517241,0.018176724137931
133.0," Spokane County",53063013300,1182.0,1102.0,225.0,1090.0,111389.0,46.1,3354.0,12.0,54.9166666666667,91.7363712686567,9.42366231343284,0.062615671641791
134.01," Spokane County",53063013401,2003.0,1977.0,396.0,1977.0,130114.0,43.4,5500.0,7.0,54.1428571428571,249.50669346049,19.8425027247956,0.0171675749318801
135.01," Spokane County",53063013501,633.0,571.0,83.0,571.0,90020.0,45.9,1761.0,9.0,61.0,71.8207885196375,8.34738972809668,0.0549909365558912
135.02," Spokane County",53063013502,875.0,857.0,204.0,857.0,106736.0,54.4,2293.0,9.0,61.0,60.682339055794,11.4167296137339,0.0384077253218884
135.03," Spokane County",53063013503,2199.0,2181.0,189.0,2181.0,125453.0,41.1,6078.0,9.0,61.0,190.487001782531,27.5013654188948,0.026825311942959
136.0," Spokane County",53063013600,1897.0,1826.0,177.0,1826.0,78534.0,33.4,5158.0,10.0,61.9,180.596692857143,20.3919,0.0229857142857143
137.0," Spokane County",53063013700,1320.0,1219.0,105.0,1175.0,59778.0,37.7,3128.0,11.0,59.0,161.591202839757,22.5866470588235,0.0284381338742394
138.0," Spokane County",53063013800,813.0,740.0,89.0,740.0,60133.0,23.2,3464.0,10.0,60.9,270.598943396226,20.0872735849057,0.0153962264150943
139.0," Spokane County",53063013900,2086.0,2075.0,69.0,2063.0,63594.0,38.9,5618.0,10.0,58.9,159.135356495468,10.3148851963746,0.0640392749244713
140.01," Spokane County",53063014001,1658.0,1491.0,108.0,1491.0,30268.0,21.8,5326.0,8.0,63.5,203.448736842105,82.306271468144,0.0286925207756233
140.02," Spokane County",53063014002,2469.0,2372.0,322.0,2372.0,53773.0,24.9,6296.0,9.0,59.7777777777778,179.035244027304,68.5311365187713,0.0193105802047782
141.0," Spokane County",53063014100,2182.0,2105.0,415.0,2105.0,78068.0,39.8,6201.0,11.0,57.7272727272727,140.607463796478,22.5251213307241,0.0595812133072407
142.0," Spokane County",53063014200,1426.0,1251.0,298.0,1237.0,71012.0,44.4,3547.0,12.0,54.8333333333333,63.9087443181818,11.25496875,0.0651164772727273
143.0," Spokane County",53063014300,1037.0,972.0,92.0,949.0,58813.0,44.5,2939.0,13.0,53.7692307692308,44.8196851851852,9.48297777777778,0.047362962962963
144.0," Spokane County",53063014400,1632.0,1560.0,136.0,1560.0,56613.0,36.5,4470.0,8.0,61.125,222.272860465116,28.8882403100775,0.0118992248062015
145.0," Spokane County",53063014500,774.0,687.0,38.0,683.0,34722.0,41.4,2001.0,10.0,58.7,224.79854964539,33.390634751773,0.0147801418439716
9410.0," Stevens County",53065941000,731.0,533.0,18.0,529.0,35000.0,35.8,2203.0,8.0,50.5,42.9921271186441,16.1685508474576,0.0425338983050847
9501.01," Stevens County",53065950101,1591.0,1390.0,43.0,1370.0,42037.0,46.6,4596.0,7.0,63.4285714285714,106.840028688525,10.6452213114754,0.0447172131147541
9501.02," Stevens County",53065950102,1190.0,1080.0,44.0,1080.0,59669.0,51.3,2973.0,9.0,58.7777777777778,100.425046610169,10.1085211864407,0.049
9502.0," Stevens County",53065950200,1308.0,1115.0,85.0,1106.0,65427.0,40.1,4353.0,12.0,55.9166666666667,109.609589812332,11.3390777479893,0.0490241286863271
9503.0," Stevens County",53065950300,977.0,938.0,112.0,932.0,39185.0,40.7,2740.0,12.0,55.9166666666667,202.255346938776,14.9731088435374,0.0285238095238095
9505.0," Stevens County",53065950500,1048.0,954.0,8.0,954.0,43717.0,46.8,2510.0,11.0,56.4545454545455,201.386823529412,14.1555210084034,0.0298655462184874
9506.0," Stevens County",53065950600,890.0,842.0,43.0,831.0,63750.0,47.9,2440.0,12.0,55.9166666666667,109.407234741784,11.662896713615,0.060112676056338
9507.0," Stevens County",53065950700,881.0,826.0,87.0,823.0,43370.0,48.4,2424.0,9.0,59.6666666666667,155.322442857143,11.4665714285714,0.0394928571428571
9508.0," Stevens County",53065950800,1234.0,1097.0,129.0,1089.0,66583.0,59.1,3316.0,11.0,57.8181818181818,76.8503385714286,8.98769857142857,0.0517957142857143
9509.0," Stevens County",53065950900,608.0,513.0,66.0,504.0,44076.0,57.1,1513.0,9.0,59.6666666666667,79.7035625,8.3584921875,0.0986015625
9511.0," Stevens County",53065951100,1423.0,1144.0,200.0,1134.0,51302.0,53.1,3598.0,9.0,59.6666666666667,105.122777142857,8.32707428571429,0.0689714285714286
9513.01," Stevens County",53065951301,817.0,778.0,50.0,778.0,63188.0,38.3,2889.0,8.0,61.0,86.2236390374332,7.25500534759358,0.0693422459893048
9513.02," Stevens County",53065951302,539.0,482.0,35.0,482.0,63068.0,48.7,1420.0,9.0,56.3333333333333,119.671259090909,9.28081363636364,0.0520181818181818
9514.01," Stevens County",53065951401,1156.0,1015.0,2.0,965.0,50474.0,49.9,3832.0,6.0,64.6666666666667,43.3411340057637,7.41820028818444,0.0493414985590778
9514.02," Stevens County",53065951402,1524.0,1430.0,110.0,1430.0,96164.0,45.5,4426.0,8.0,61.0,151.963085,11.3925583333333,0.0407216666666667
9601.0," Lincoln County",53043960100,733.0,700.0,31.0,700.0,55491.0,37.4,1852.0,8.0,50.375,44.9228656716418,4.24394029850746,0.0473582089552239
9602.0," Lincoln County",53043960200,1283.0,1222.0,238.0,1201.0,62000.0,46.3,3245.0,13.0,56.4615384615385,71.6639079229122,7.55351605995717,0.0833019271948608
9603.0," Lincoln County",53043960300,1064.0,895.0,129.0,883.0,67500.0,48.9,2628.0,11.0,54.0,62.1507123893805,19.377203539823,0.102637168141593
9604.0," Lincoln County",53043960400,1256.0,1146.0,211.0,1136.0,53314.0,55.0,3007.0,13.0,56.4615384615385,41.0151884057971,7.75215942028986,0.0731304347826087
9400.0," Ferry County",53019940000,523.0,401.0,49.0,396.0,39375.0,43.9,1651.0,12.0,52.25,34.6059347826087,8.29621739130435,0.0845869565217391
9701.0," Ferry County",53019970100,1097.0,798.0,135.0,789.0,36959.0,52.8,3024.0,12.0,51.1666666666667,77.5839637681159,10.5729601449275,0.0504311594202899
9702.0," Ferry County",53019970200,1063.0,960.0,176.0,936.0,44283.0,54.5,2968.0,12.0,51.1666666666667,77.3357904191617,9.52116766467066,0.036874251497006
9703.0," Garfield County",53023970300,897.0,801.0,116.0,801.0,56923.0,49.7,2258.0,12.0,58.0,107.083171428571,68.9318857142857,0.0467571428571429
9701.0," Pend Oreille County",53051970100,872.0,733.0,22.0,727.0,56125.0,55.3,1973.0,7.0,63.0,59.1927902621723,14.8157640449438,0.0467940074906367
9702.0," Pend Oreille County",53051970200,1115.0,867.0,106.0,859.0,51010.0,52.1,2824.0,13.0,56.0769230769231,59.9432978056426,22.7075611285266,0.051705329153605
9703.0," Pend Oreille County",53051970300,1219.0,939.0,29.0,932.0,48844.0,47.9,3238.0,7.0,61.1428571428571,75.0938036809816,45.5999693251534,0.0549325153374233
9704.0," Pend Oreille County",53051970400,1118.0,955.0,149.0,955.0,54375.0,49.8,2682.0,8.0,59.75,64.9964388888889,55.480787037037,0.0406685185185185
9705.0," Pend Oreille County",53051970500,1041.0,890.0,132.0,867.0,68607.0,53.0,2871.0,8.0,59.75,68.4107468879668,41.1359585062241,0.02749377593361
1.0," Whitman County",53075000100,1160.0,1050.0,184.0,1050.0,12473.0,20.2,6214.0,8.0,57.0,209.425089108911,93.2302871287129,0.0190247524752475
2.01," Whitman County",53075000201,1878.0,1868.0,99.0,1868.0,57083.0,30.4,4294.0,9.0,54.2222222222222,233.224733333333,108.809954761905,0.0179428571428571
2.02," Whitman County",53075000202,945.0,881.0,0.0,881.0,46484.0,28.5,2440.0,7.0,57.8571428571429,215.907161764706,88.8487058823529,0.0187352941176471
3.0," Whitman County",53075000300,2351.0,2249.0,227.0,2249.0,82103.0,34.1,6061.0,12.0,53.5833333333333,243.692886363636,80.8863712121212,0.0295757575757576
4.0," Whitman County",53075000400,1774.0,1594.0,88.0,1594.0,50859.0,35.9,4467.0,8.0,57.5,196.557904458599,79.7048885350318,0.0212006369426752
5.0," Whitman County",53075000500,430.0,178.0,207.0,178.0,21696.0,19.8,4033.0,7.0,57.8571428571429,227.084375,13.688375,0.040625
6.01," Whitman County",53075000601,2250.0,1885.0,91.0,1885.0,17294.0,22.4,4670.0,8.0,57.0,267.54025984252,123.38388976378,0.0193700787401575
6.02," Whitman County",53075000602,1947.0,1618.0,30.0,1618.0,21024.0,22.4,4379.0,7.0,57.8571428571429,210.437129032258,111.333038709677,0.020458064516129
7.0," Whitman County",53075000700,1359.0,1218.0,142.0,1212.0,65900.0,48.6,3416.0,12.0,54.25,128.314359477124,60.0831111111111,0.0455424836601307
8.0," Whitman County",53075000800,1283.0,1096.0,51.0,1096.0,54904.0,44.6,3686.0,11.0,52.3636363636364,47.2315388349515,40.2632621359223,0.0641019417475728
9.0," Whitman County",53075000900,1443.0,1314.0,155.0,1310.0,53597.0,48.0,3903.0,17.0,49.4705882352941,172.811641791045,155.086537313433,0.0137462686567164
10.0," Whitman County",53075001000,846.0,735.0,101.0,708.0,57083.0,47.4,2014.0,19.0,51.1578947368421,50.9474124293785,31.4935197740113,0.0347570621468927
9501.0," Adams County",53001950100,1023.0,910.0,82.0,905.0,52589.0,42.6,2606.0,12.0,54.25,62.6586413043478,9.5285652173913,0.0426413043478261
9502.0," Adams County",53001950200,548.0,487.0,47.0,485.0,59886.0,40.5,1763.0,12.0,56.0833333333333,61.9772073170732,9.0375243902439,0.0609024390243902
9503.01," Adams County",53001950301,318.0,327.0,3.0,327.0,39928.0,34.1,1581.0,8.0,53.0,88.0868093023256,13.2451162790698,0.0601674418604651
9503.02," Adams County",53001950302,566.0,515.0,26.0,515.0,58884.0,29.8,2434.0,8.0,53.0,87.0107878787879,17.036595959596,0.0444242424242424
9503.03," Adams County",53001950303,608.0,557.0,110.0,557.0,50915.0,29.8,2514.0,8.0,53.0,74.1417594936709,14.2204050632911,0.0378924050632911
9504.0," Adams County",53001950400,713.0,685.0,23.0,685.0,63750.0,25.7,3144.0,9.0,52.2222222222222,267.839712550607,32.9302469635628,0.0238380566801619
9505.0," Adams County",53001950500,1519.0,1368.0,149.0,1368.0,48542.0,24.2,5660.0,9.0,52.2222222222222,191.539782945736,34.8328630490956,0.0257777777777778
